ID,name,Status,Destination,Employee,Type of Maintenance,Description,Date,Time
new,N/A,N/A,N/A,00003,ememem,N/A,N/A,N/A
2091,N/A,Pending,HHALL00603,00001,N/A,tester,2022-04-20,01:18:38
7475,N/A,Pending,CHALL007L2,00007,N/A,kp,2022-04-20,00:54:50
7026,N/A,Pending,CLABS002L1,00010,N/A,test4,2022-04-20,00:46:18
3099,N/A,Pending,CHALL007L1,00001,N/A,testededed,2022-04-20,01:29:06
8373,N/A,Pending,CHALL007L2,00003,N/A,test1,2022-04-20,00:42:35
9231,N/A,Pending,CHALL007L2,00003,N/A,test2,2022-04-20,00:43:11
5051,N/A,Pending,HBATH00103,00007,N/A,ahahaa,2022-04-20,00:47:09
what,N/A,N/A,N/A,00002,k,N/A,N/A,N/A
982,N/A,Pending,CHALL007L2,00002,N/A,big ups,2022-04-20,02:19:28
3818,N/A,Pending,HBATH00103,00008,N/A,etest5,2022-04-20,00:58:12
2862,N/A,Pending,HBATH00103,00009,N/A,a,2022-04-20,00:35:44
4998,N/A,Pending,CHALL007L2,00009,N/A,a,2022-04-20,00:37:32
